campaign_name,campaign_id,duration_days,end_date,objective,target_audience,source,impressions,clicks,conversions
4th Gen Application,Campaign-5780mq,44,Apr 18 2026,Leads,Customers,Direct,999,82,7
6th Gen Functionalities,Campaign-2676qM,40,Feb 28 2026,Brand,Prospects,Referral,1022,109,11
Compatible Analyzing Protocol,Campaign-0024GK,51,Mar 14 2026,Sales,Prospects,Social Media,1032,105,9
Compatible Next Gen,Campaign-8453ym,64,Mar 07 2026,Sales,Subscribers,Direct,1006,99,9
Configurable Regional Ai,Campaign-6757ej,78,Feb 21 2026,Sales,Segmented,PPC,1004,91,9
Customizable 3rd Gen Database,Campaign-6208jY,28,Apr 18 2026,Leads,Customers,PPC,959,101,6
Customizable Customer Loyalty,Campaign-3008Ze,80,Mar 14 2026,Sales,Prospects,Referral,999,101,6
Customizable Initiative,Campaign-3211IM,55,Apr 04 2026,Brand,Segmented,Direct,1022,88,5
Customizable Scalable Conglomeration,Campaign-938Inu,34,Feb 21 2026,Leads,Customers,SEO,1005,87,8
De-Engineered Conglomeration,Campaign-1172Qb,16,Mar 28 2026,Brand,Customers,Direct,1060,113,12
Distributed Alliance,Campaign-4421TR,72,Apr 11 2026,Sales,Subscribers,Email,1043,98,10
Enhanced Benchmarking Suite,Campaign-1807LA,39,Apr 25 2026,Brand,Prospects,Referral,996,95,7
